model,IC_mean,IC_std,IC_days
linear,0.02893980960163202,0.1789414639890606,3773
LightGBM,0.035943396575255554,0.11339432389071079,3521
