aum,net_annualised_return,net_annualised_volatility,net_sharpe,max_drawdown,daily_turnover,average_gross_exposure,fraction_days_full_gross_exposure,fraction_days_cap_binding,gross_sharpe,commission_sharpe_drag,slippage_sharpe_drag,borrow_sharpe_drag,avg_commission_bps_per_day,avg_slippage_bps_per_day,avg_borrow_bps_per_day,days
50000000.0,0.013791088239037963,0.05669272769266217,0.2699509647805634,-0.3070485692094841,1.9938182617790163,0.9969091308895082,0.9689984101748808,0.9512453630100689,2.2308644305258944,0.4431676198720913,1.3295509277442608,0.18819491812897887,0.996909130889508,2.990727392668523,0.42322212192982267,3774
250000000.0,0.01662703081153416,0.0470876990874847,0.37374391645833804,-0.24577080487153757,1.1578362886684614,0.5789181443342307,0.18706942236354002,0.9997350291467939,1.7239398032628457,0.30903021428803656,0.9286772204913551,0.11248845202511593,0.5789181443342308,1.7367544330026923,0.21023727817066235,3774
1000000000.0,-0.001825759943112848,0.021717919711917152,-0.07325771438195522,-0.20183588060836233,0.3449971084798531,0.17249855423992655,0.008214096449390567,0.9997350291467939,0.8009881072760026,0.20126024360412953,0.6022327056741196,0.07075287237970868,0.17249855423992658,0.5174956627197796,0.06097720429567131,3774
