aum,gross_sharpe,commission_sharpe_drag,slippage_sharpe_drag,borrow_sharpe_drag,net_sharpe,avg_borrow_bps_per_day
50000000.0,2.2308644305258944,0.4431676198720913,1.3295509277442608,0.1881949181289788,0.2699509647805634,0.4232221219298226
250000000.0,1.7239398032628457,0.3090302142880365,0.9286772204913551,0.1124884520251159,0.373743916458338,0.2102372781706623
1000000000.0,0.8009881072760026,0.2012602436041295,0.6022327056741196,0.0707528723797086,-0.0732577143819552,0.0609772042956713
