strategy_name,AUM,net_annual_return,net_vol,net_sharpe,max_drawdown,gross_sharpe,commission_drag,slippage_drag,borrow_drag,average_turnover,average_gross_exposure_used,cap_binding_days,IC_mean,IC_tstat,worst_12m_return,average_long_names,average_short_names
final_expanding_window,50000000.0,0.0665935406433153,0.0502555851996846,1.3081173675648727,-0.1381874994426636,3.539094129236485,0.5010771550558633,1.5032895240008048,0.2266100826149442,1.9983042622109428,0.9991521311054714,3547,0.028939809601632,9.93408990179203,-0.13805341670658822,24.916534181240063,24.916534181240063
final_expanding_window,250000000.0,0.0730994972677747,0.0496733220967004,1.445317767744716,-0.101864830047505,3.111878747434734,0.3776992440384856,1.1365770579140728,0.1522846777374595,1.4994261528447443,0.7497130764223722,3773,0.028939809601632,9.93408990179203,-0.10090323942890078,24.916534181240063,24.916534181240063
final_expanding_window,1000000000.0,0.0350146319773916,0.0268973769922335,1.2930306226032406,-0.0555989404043738,2.3211723105184356,0.2331463588001021,0.7043332800740527,0.0906620490410401,0.5069266574089187,0.2534633287044593,3773,0.028939809601632,9.93408990179203,-0.049285210127961165,24.916534181240063,24.916534181240063
previous_champion_4y_rolling,50000000.0,0.0429920470348537,0.0510663972147989,0.8498947231965666,-0.1549894583077585,3.0711707251935665,0.4931552879857732,1.4795206075081244,0.2486001065031022,1.9980829280783776,0.9990414640391888,3464,0.0281680264806974,9.46459597093671,-0.15013128033124834,24.916534181240063,24.916534181240063
previous_champion_4y_rolling,250000000.0,0.0393138757146485,0.0490024296300063,0.8114787674891382,-0.101864830047505,2.426777474051951,0.3606275686141384,1.0843779321292029,0.1702932058194715,1.4085358042538514,0.7042679021269257,3773,0.0281680264806974,9.46459597093671,-0.10090323942890078,24.916534181240063,24.916534181240063
previous_champion_4y_rolling,1000000000.0,0.0067118337686953,0.0264371330396509,0.2662849069103015,-0.160597162785655,1.2391840117899335,0.2183777468561203,0.6544138638148932,0.1001074942086184,0.4564479296304728,0.2282239648152364,3773,0.0281680264806974,9.46459597093671,-0.14266547490548565,24.916534181240063,24.916534181240063
