regime,mean_ic,ic_tstat,days
Neutral,0.018954586122435457,2.5800627617915595,803
Overweight,0.025474902088988453,4.0586607841741085,727
Underweight,0.02479017303016661,3.035884570721311,717
