AUM,label,sharpe_raw,sharpe_lo_corrected,top_5pct_concentration
50000000.0,50m,1.3081173675648705,1.3558912319694487,1.535409159541941
250000000.0,250m,1.4453177677447122,1.5775365818935847,1.4612587301535636
1000000000.0,1b,1.2930306226032193,1.5175545692465582,1.727394216783276
